[
  {
    "name": "Process Start",
    "start": 1621753774550,
    "end": 1621753775883,
    "duration": 1333,
    "pid": 26205,
    "index": 0
  },
  {
    "name": "Application Start",
    "start": 1621753775885,
    "end": 1621753777931,
    "duration": 2046,
    "pid": 26205,
    "index": 1
  },
  {
    "name": "Load Plugin",
    "start": 1621753775894,
    "end": 1621753775914,
    "duration": 20,
    "pid": 26205,
    "index": 2
  },
  {
    "name": "Load Config",
    "start": 1621753775914,
    "end": 1621753775941,
    "duration": 27,
    "pid": 26205,
    "index": 3
  },
  {
    "name": "Require(0) config/config.default.js",
    "start": 1621753775915,
    "end": 1621753775915,
    "duration": 0,
    "pid": 26205,
    "index": 4
  },
  {
    "name": "Require(1) node_modules/_egg-session@3.2.0@egg-session/config/config.default.js",
    "start": 1621753775917,
    "end": 1621753775917,
    "duration": 0,
    "pid": 26205,
    "index": 5
  },
  {
    "name": "Require(2) node_modules/_egg-security@2.8.0@egg-security/config/config.default.js",
    "start": 1621753775918,
    "end": 1621753775918,
    "duration": 0,
    "pid": 26205,
    "index": 6
  },
  {
    "name": "Require(3) node_modules/_egg-jsonp@2.0.0@egg-jsonp/config/config.default.js",
    "start": 1621753775922,
    "end": 1621753775922,
    "duration": 0,
    "pid": 26205,
    "index": 7
  },
  {
    "name": "Require(4) node_modules/_egg-onerror@2.1.0@egg-onerror/config/config.default.js",
    "start": 1621753775922,
    "end": 1621753775923,
    "duration": 1,
    "pid": 26205,
    "index": 8
  },
  {
    "name": "Require(5) node_modules/_egg-i18n@2.1.1@egg-i18n/config/config.default.js",
    "start": 1621753775924,
    "end": 1621753775924,
    "duration": 0,
    "pid": 26205,
    "index": 9
  },
  {
    "name": "Require(6) node_modules/_egg-watcher@3.1.1@egg-watcher/config/config.default.js",
    "start": 1621753775925,
    "end": 1621753775925,
    "duration": 0,
    "pid": 26205,
    "index": 10
  },
  {
    "name": "Require(7) node_modules/_egg-schedule@3.6.6@egg-schedule/config/config.default.js",
    "start": 1621753775926,
    "end": 1621753775926,
    "duration": 0,
    "pid": 26205,
    "index": 11
  },
  {
    "name": "Require(8) node_modules/_egg-multipart@2.10.3@egg-multipart/config/config.default.js",
    "start": 1621753775926,
    "end": 1621753775927,
    "duration": 1,
    "pid": 26205,
    "index": 12
  },
  {
    "name": "Require(9) node_modules/_egg-development@2.7.0@egg-development/config/config.default.js",
    "start": 1621753775927,
    "end": 1621753775927,
    "duration": 0,
    "pid": 26205,
    "index": 13
  },
  {
    "name": "Require(10) node_modules/_egg-logrotator@3.1.0@egg-logrotator/config/config.default.js",
    "start": 1621753775928,
    "end": 1621753775928,
    "duration": 0,
    "pid": 26205,
    "index": 14
  },
  {
    "name": "Require(11) node_modules/_egg-static@2.2.0@egg-static/config/config.default.js",
    "start": 1621753775929,
    "end": 1621753775930,
    "duration": 1,
    "pid": 26205,
    "index": 15
  },
  {
    "name": "Require(12) node_modules/_egg-view@2.1.3@egg-view/config/config.default.js",
    "start": 1621753775930,
    "end": 1621753775931,
    "duration": 1,
    "pid": 26205,
    "index": 16
  },
  {
    "name": "Require(13) node_modules/_egg-view-art@1.0.3@egg-view-art/config/config.default.js",
    "start": 1621753775931,
    "end": 1621753775931,
    "duration": 0,
    "pid": 26205,
    "index": 17
  },
  {
    "name": "Require(14) node_modules/_egg-mongoose@3.3.1@egg-mongoose/config/config.default.js",
    "start": 1621753775932,
    "end": 1621753775932,
    "duration": 0,
    "pid": 26205,
    "index": 18
  },
  {
    "name": "Require(15) node_modules/_egg@2.29.3@egg/config/config.default.js",
    "start": 1621753775932,
    "end": 1621753775933,
    "duration": 1,
    "pid": 26205,
    "index": 19
  },
  {
    "name": "Require(16) config/config.default.js",
    "start": 1621753775934,
    "end": 1621753775934,
    "duration": 0,
    "pid": 26205,
    "index": 20
  },
  {
    "name": "Require(17) node_modules/_egg-security@2.8.0@egg-security/config/config.local.js",
    "start": 1621753775936,
    "end": 1621753775936,
    "duration": 0,
    "pid": 26205,
    "index": 21
  },
  {
    "name": "Require(18) node_modules/_egg-watcher@3.1.1@egg-watcher/config/config.local.js",
    "start": 1621753775938,
    "end": 1621753775938,
    "duration": 0,
    "pid": 26205,
    "index": 22
  },
  {
    "name": "Require(19) node_modules/_egg-view@2.1.3@egg-view/config/config.local.js",
    "start": 1621753775940,
    "end": 1621753775940,
    "duration": 0,
    "pid": 26205,
    "index": 23
  },
  {
    "name": "Require(20) node_modules/_egg@2.29.3@egg/config/config.local.js",
    "start": 1621753775941,
    "end": 1621753775941,
    "duration": 0,
    "pid": 26205,
    "index": 24
  },
  {
    "name": "Load extend/application.js",
    "start": 1621753775943,
    "end": 1621753775959,
    "duration": 16,
    "pid": 26205,
    "index": 25
  },
  {
    "name": "Require(21) node_modules/_egg-session@3.2.0@egg-session/app/extend/application.js",
    "start": 1621753775944,
    "end": 1621753775946,
    "duration": 2,
    "pid": 26205,
    "index": 26
  },
  {
    "name": "Require(22) node_modules/_egg-security@2.8.0@egg-security/app/extend/application.js",
    "start": 1621753775946,
    "end": 1621753775948,
    "duration": 2,
    "pid": 26205,
    "index": 27
  },
  {
    "name": "Require(23) node_modules/_egg-jsonp@2.0.0@egg-jsonp/app/extend/application.js",
    "start": 1621753775948,
    "end": 1621753775950,
    "duration": 2,
    "pid": 26205,
    "index": 28
  },
  {
    "name": "Require(24) node_modules/_egg-logrotator@3.1.0@egg-logrotator/app/extend/application.js",
    "start": 1621753775951,
    "end": 1621753775955,
    "duration": 4,
    "pid": 26205,
    "index": 29
  },
  {
    "name": "Require(25) node_modules/_egg-view@2.1.3@egg-view/app/extend/application.js",
    "start": 1621753775955,
    "end": 1621753775958,
    "duration": 3,
    "pid": 26205,
    "index": 30
  },
  {
    "name": "Load extend/request.js",
    "start": 1621753775960,
    "end": 1621753775965,
    "duration": 5,
    "pid": 26205,
    "index": 31
  },
  {
    "name": "Require(26) node_modules/_egg@2.29.3@egg/app/extend/request.js",
    "start": 1621753775962,
    "end": 1621753775964,
    "duration": 2,
    "pid": 26205,
    "index": 32
  },
  {
    "name": "Load extend/response.js",
    "start": 1621753775965,
    "end": 1621753775975,
    "duration": 10,
    "pid": 26205,
    "index": 33
  },
  {
    "name": "Require(27) node_modules/_egg@2.29.3@egg/app/extend/response.js",
    "start": 1621753775966,
    "end": 1621753775974,
    "duration": 8,
    "pid": 26205,
    "index": 34
  },
  {
    "name": "Load extend/context.js",
    "start": 1621753775975,
    "end": 1621753776066,
    "duration": 91,
    "pid": 26205,
    "index": 35
  },
  {
    "name": "Require(28) node_modules/_egg-security@2.8.0@egg-security/app/extend/context.js",
    "start": 1621753775975,
    "end": 1621753775982,
    "duration": 7,
    "pid": 26205,
    "index": 36
  },
  {
    "name": "Require(29) node_modules/_egg-jsonp@2.0.0@egg-jsonp/app/extend/context.js",
    "start": 1621753775982,
    "end": 1621753775983,
    "duration": 1,
    "pid": 26205,
    "index": 37
  },
  {
    "name": "Require(30) node_modules/_egg-i18n@2.1.1@egg-i18n/app/extend/context.js",
    "start": 1621753775983,
    "end": 1621753775983,
    "duration": 0,
    "pid": 26205,
    "index": 38
  },
  {
    "name": "Require(31) node_modules/_egg-multipart@2.10.3@egg-multipart/app/extend/context.js",
    "start": 1621753775983,
    "end": 1621753776061,
    "duration": 78,
    "pid": 26205,
    "index": 39
  },
  {
    "name": "Require(32) node_modules/_egg-view@2.1.3@egg-view/app/extend/context.js",
    "start": 1621753776062,
    "end": 1621753776063,
    "duration": 1,
    "pid": 26205,
    "index": 40
  },
  {
    "name": "Require(33) node_modules/_egg-mongoose@3.3.1@egg-mongoose/app/extend/context.js",
    "start": 1621753776063,
    "end": 1621753776063,
    "duration": 0,
    "pid": 26205,
    "index": 41
  },
  {
    "name": "Require(34) node_modules/_egg@2.29.3@egg/app/extend/context.js",
    "start": 1621753776063,
    "end": 1621753776065,
    "duration": 2,
    "pid": 26205,
    "index": 42
  },
  {
    "name": "Load extend/helper.js",
    "start": 1621753776066,
    "end": 1621753776122,
    "duration": 56,
    "pid": 26205,
    "index": 43
  },
  {
    "name": "Require(35) node_modules/_egg-security@2.8.0@egg-security/app/extend/helper.js",
    "start": 1621753776067,
    "end": 1621753776116,
    "duration": 49,
    "pid": 26205,
    "index": 44
  },
  {
    "name": "Require(36) node_modules/_egg@2.29.3@egg/app/extend/helper.js",
    "start": 1621753776117,
    "end": 1621753776119,
    "duration": 2,
    "pid": 26205,
    "index": 45
  },
  {
    "name": "Load app.js",
    "start": 1621753776122,
    "end": 1621753776173,
    "duration": 51,
    "pid": 26205,
    "index": 46
  },
  {
    "name": "Require(37) node_modules/_egg-session@3.2.0@egg-session/app.js",
    "start": 1621753776122,
    "end": 1621753776124,
    "duration": 2,
    "pid": 26205,
    "index": 47
  },
  {
    "name": "Require(38) node_modules/_egg-security@2.8.0@egg-security/app.js",
    "start": 1621753776124,
    "end": 1621753776126,
    "duration": 2,
    "pid": 26205,
    "index": 48
  },
  {
    "name": "Require(39) node_modules/_egg-onerror@2.1.0@egg-onerror/app.js",
    "start": 1621753776126,
    "end": 1621753776142,
    "duration": 16,
    "pid": 26205,
    "index": 49
  },
  {
    "name": "Require(40) node_modules/_egg-i18n@2.1.1@egg-i18n/app.js",
    "start": 1621753776142,
    "end": 1621753776153,
    "duration": 11,
    "pid": 26205,
    "index": 50
  },
  {
    "name": "Require(41) node_modules/_egg-watcher@3.1.1@egg-watcher/app.js",
    "start": 1621753776153,
    "end": 1621753776159,
    "duration": 6,
    "pid": 26205,
    "index": 51
  },
  {
    "name": "Require(42) node_modules/_egg-schedule@3.6.6@egg-schedule/app.js",
    "start": 1621753776159,
    "end": 1621753776162,
    "duration": 3,
    "pid": 26205,
    "index": 52
  },
  {
    "name": "Require(43) node_modules/_egg-multipart@2.10.3@egg-multipart/app.js",
    "start": 1621753776162,
    "end": 1621753776164,
    "duration": 2,
    "pid": 26205,
    "index": 53
  },
  {
    "name": "Require(44) node_modules/_egg-development@2.7.0@egg-development/app.js",
    "start": 1621753776164,
    "end": 1621753776165,
    "duration": 1,
    "pid": 26205,
    "index": 54
  },
  {
    "name": "Require(45) node_modules/_egg-logrotator@3.1.0@egg-logrotator/app.js",
    "start": 1621753776166,
    "end": 1621753776167,
    "duration": 1,
    "pid": 26205,
    "index": 55
  },
  {
    "name": "Require(46) node_modules/_egg-static@2.2.0@egg-static/app.js",
    "start": 1621753776167,
    "end": 1621753776169,
    "duration": 2,
    "pid": 26205,
    "index": 56
  },
  {
    "name": "Require(47) node_modules/_egg-view-art@1.0.3@egg-view-art/app.js",
    "start": 1621753776169,
    "end": 1621753776171,
    "duration": 2,
    "pid": 26205,
    "index": 57
  },
  {
    "name": "Require(48) node_modules/_egg-mongoose@3.3.1@egg-mongoose/app.js",
    "start": 1621753776171,
    "end": 1621753776173,
    "duration": 2,
    "pid": 26205,
    "index": 58
  },
  {
    "name": "Before Start in node_modules/_egg-watcher@3.1.1@egg-watcher/lib/init.js:15:14",
    "start": 1621753776189,
    "end": 1621753777931,
    "duration": 1742,
    "pid": 26205,
    "index": 59
  },
  {
    "name": "Before Start in node_modules/_egg-mongoose@3.3.1@egg-mongoose/lib/mongoose.js:104:7",
    "start": 1621753777489,
    "end": 1621753777928,
    "duration": 439,
    "pid": 26205,
    "index": 60
  },
  {
    "name": "Before Start in node_modules/_egg-mongoose@3.3.1@egg-mongoose/lib/mongoose.js:52:9",
    "start": 1621753777489,
    "end": 1621753777905,
    "duration": 416,
    "pid": 26205,
    "index": 61
  },
  {
    "name": "Load Service",
    "start": 1621753777489,
    "end": 1621753777494,
    "duration": 5,
    "pid": 26205,
    "index": 62
  },
  {
    "name": "Load \"service\" to Context",
    "start": 1621753777490,
    "end": 1621753777494,
    "duration": 4,
    "pid": 26205,
    "index": 63
  },
  {
    "name": "Load Middleware",
    "start": 1621753777494,
    "end": 1621753777873,
    "duration": 379,
    "pid": 26205,
    "index": 64
  },
  {
    "name": "Load \"middlewares\" to Application",
    "start": 1621753777494,
    "end": 1621753777853,
    "duration": 359,
    "pid": 26205,
    "index": 65
  },
  {
    "name": "Load Controller",
    "start": 1621753777873,
    "end": 1621753777875,
    "duration": 2,
    "pid": 26205,
    "index": 66
  },
  {
    "name": "Load \"controller\" to Application",
    "start": 1621753777873,
    "end": 1621753777875,
    "duration": 2,
    "pid": 26205,
    "index": 67
  },
  {
    "name": "Load Router",
    "start": 1621753777875,
    "end": 1621753777877,
    "duration": 2,
    "pid": 26205,
    "index": 68
  },
  {
    "name": "Require(49) app/router.js",
    "start": 1621753777875,
    "end": 1621753777875,
    "duration": 0,
    "pid": 26205,
    "index": 69
  },
  {
    "name": "Before Start in node_modules/_egg-core@4.20.0@egg-core/lib/egg.js:303:10",
    "start": 1621753777875,
    "end": 1621753777905,
    "duration": 30,
    "pid": 26205,
    "index": 70
  },
  {
    "name": "Load \"model\" to Application",
    "start": 1621753777890,
    "end": 1621753777904,
    "duration": 14,
    "pid": 26205,
    "index": 71
  }
]